bill_number,dtg_date,lla_date,vetoed_by_gov,time_to_dtg
senate        Bill S79A,2011-11-30,2011-06-17,False,166 days
senate        Bill S149B,2012-08-06,2012-06-20,False,47 days
senate        Bill S175,2011-09-12,2011-06-21,False,83 days
senate        Bill S177A,2011-05-06,2011-05-03,False,3 days
senate        Bill S205,2011-04-15,2011-04-06,False,9 days
senate        Bill S215,2011-03-15,2011-03-08,False,7 days
senate        Bill S219A,2012-08-06,2012-06-18,False,49 days
senate        Bill S247A,2011-08-05,2011-06-22,True,44 days
senate        Bill S296B,2011-11-30,2011-06-21,True,162 days
senate        Bill S325,2011-07-08,2011-06-22,False,16 days
senate        Bill S331A,2011-07-22,2011-06-01,False,51 days
senate        Bill S333,2011-08-05,2011-06-17,False,49 days
senate        Bill S372A,2011-09-12,2011-06-23,True,81 days
senate        Bill S397,2011-08-05,2011-06-16,False,50 days
senate        Bill S452,2012-09-21,2012-06-14,True,99 days
senate        Bill S502A,2012-07-06,2012-05-31,False,36 days
senate        Bill S511A,2011-09-12,2011-06-17,True,87 days
senate        Bill S541A,2011-08-05,2011-06-15,False,51 days
senate        Bill S559,2011-05-20,2011-05-16,False,4 days
senate        Bill S575,2012-07-06,2012-05-30,False,37 days
senate        Bill S587A,2011-09-12,2011-06-15,False,89 days
senate        Bill S595A,2012-08-06,2012-06-21,True,46 days
senate        Bill S607B,2011-03-15,2011-03-08,False,7 days
senate        Bill S614B,2011-08-05,2011-06-06,False,60 days
senate        Bill S623,2011-07-22,2011-06-21,True,31 days
senate        Bill S627A,2012-07-20,2012-06-20,False,30 days
senate        Bill S656A,2011-05-27,2011-05-25,False,2 days
senate        Bill S657A,2012-05-07,2012-04-17,False,20 days
senate        Bill S663A,2011-07-29,2011-06-20,False,39 days
senate        Bill S769,2011-05-27,2011-05-23,False,4 days
senate        Bill S773,2012-07-20,2012-06-18,True,32 days
senate        Bill S801A,2011-07-22,2011-06-16,False,36 days
senate        Bill S820,2011-07-22,2011-06-23,False,29 days
senate        Bill S854A,2012-07-06,2012-06-20,False,16 days
senate        Bill S855A,2012-07-06,2012-06-20,False,16 days
senate        Bill S863B,2011-09-12,2011-06-24,False,80 days
senate        Bill S864,2011-07-22,2011-06-20,False,32 days
senate        Bill S886,2012-08-06,2012-06-19,False,48 days
senate        Bill S928,2011-08-05,2011-06-13,False,53 days
senate        Bill S958C,2011-08-05,2011-06-16,True,50 days
senate        Bill S1007A,2012-09-21,2012-06-21,False,92 days
senate        Bill S1053,2011-09-12,2011-06-22,True,82 days
senate        Bill S1072,2011-09-12,2011-06-22,True,82 days
senate        Bill S1149A,2011-09-12,2011-06-17,False,87 days
senate        Bill S1164,2011-07-08,2011-06-20,False,18 days
senate        Bill S1188,2011-08-05,2011-06-17,True,49 days
senate        Bill S1198,2011-01-19,2011-01-19,False,0 days
senate        Bill S1303,2011-09-12,2011-06-16,False,88 days
senate        Bill S1313B,2011-07-08,2011-06-20,False,18 days
senate        Bill S1315,2012-07-20,2012-04-19,False,92 days
senate        Bill S1340A,2012-07-20,2012-06-19,False,31 days
senate        Bill S1347,2011-09-12,2011-06-06,False,98 days
senate        Bill S1368A,2011-09-12,2011-06-20,True,84 days
senate        Bill S1406,2011-04-01,2011-03-14,False,18 days
senate        Bill S1408,2011-07-22,2011-06-20,False,32 days
senate        Bill S1428,2011-04-01,2011-03-30,False,2 days
senate        Bill S1430,2011-10-04,2011-06-02,False,124 days
senate        Bill S1457A,2011-07-08,2011-06-16,False,22 days
senate        Bill S1462D,2012-07-06,2012-06-20,False,16 days
senate        Bill S1477A,2011-07-22,2011-06-20,False,32 days
senate        Bill S1521,2011-09-12,2011-06-15,False,89 days
senate        Bill S1546,2012-09-21,2012-06-19,False,94 days
senate        Bill S1610,2011-07-22,2011-06-16,False,36 days
senate        Bill S1642,2012-07-20,2012-06-19,False,31 days
senate        Bill S1683A,2011-07-22,2011-06-16,False,36 days
senate        Bill S1684,2011-07-08,2011-06-16,False,22 days
senate        Bill S1687,2011-08-05,2011-06-16,False,50 days
senate        Bill S1688,2011-07-08,2011-06-06,False,32 days
senate        Bill S1689,2011-04-01,2011-03-21,False,11 days
senate        Bill S1737B,2011-07-08,2011-06-16,False,22 days
senate        Bill S1753,2011-07-22,2011-06-20,False,32 days
senate        Bill S1831B,2011-07-22,2011-06-20,False,32 days
senate        Bill S1846A,2011-08-05,2011-06-16,False,50 days
senate        Bill S1880B,2011-08-05,2011-06-22,False,44 days
senate        Bill S1882,2011-05-06,2011-04-12,False,24 days
senate        Bill S1914,2011-08-05,2011-06-21,True,45 days
senate        Bill S1921,2011-07-22,2011-06-16,False,36 days
senate        Bill S1994,2012-05-21,2012-05-16,False,5 days
senate        Bill S1998A,2012-12-05,2012-06-20,False,168 days
senate        Bill S2009,2011-07-08,2011-06-07,False,31 days
senate        Bill S2026,2011-02-02,2011-01-25,False,8 days
senate        Bill S2131,2011-05-27,2011-05-23,False,4 days
senate        Bill S2143D,2011-07-08,2011-06-16,False,22 days
senate        Bill S2152A,2011-07-22,2011-06-20,False,32 days
senate        Bill S2153B,2011-07-22,2011-06-20,False,32 days
senate        Bill S2165,2012-12-05,2012-06-12,True,176 days
senate        Bill S2324,2011-06-10,2011-06-06,False,4 days
senate        Bill S2351,2012-05-21,2012-04-25,False,26 days
senate        Bill S2363A,2011-09-12,2011-06-13,False,91 days
senate        Bill S2373A,2011-09-12,2011-06-16,False,88 days
senate        Bill S2374,2011-07-22,2011-06-23,False,29 days
senate        Bill S2385A,2011-07-22,2011-06-15,False,37 days
senate        Bill S2401,2011-07-08,2011-06-13,False,25 days
senate        Bill S2404,2011-05-06,2011-05-02,False,4 days
senate        Bill S2410,2011-07-22,2011-06-14,False,38 days
senate        Bill S2460,2012-04-02,2012-03-06,False,27 days
senate        Bill S2462B,2011-08-05,2011-06-16,False,50 days
senate        Bill S2476,2011-03-15,2011-03-10,False,5 days
senate        Bill S2510B,2011-07-22,2011-06-23,False,29 days
senate        Bill S2542,2012-12-05,2012-06-21,True,167 days
senate        Bill S2551A,2011-05-20,2011-05-17,False,3 days
senate        Bill S2554,2012-08-06,2012-06-20,False,47 days
senate        Bill S2581,2011-12-28,2011-06-16,False,195 days
senate        Bill S2595,2011-12-22,2011-06-20,True,185 days
senate        Bill S2628A,2011-08-05,2011-06-20,False,46 days
senate        Bill S2635A,2011-07-08,2011-06-16,False,22 days
senate        Bill S2686B,2012-08-06,2012-06-14,True,53 days
senate        Bill S2704A,2012-08-06,2012-05-30,False,68 days
senate        Bill S2705A,2011-08-05,2011-06-22,False,44 days
senate        Bill S2713A,2011-11-30,2011-06-22,False,161 days
senate        Bill S2716,2011-07-22,2011-06-13,False,39 days
senate        Bill S2747A,2012-08-06,2012-06-19,False,48 days
senate        Bill S2752,2011-05-27,2011-05-23,False,4 days
senate        Bill S2756,2011-05-20,2011-05-17,False,3 days
senate        Bill S2765,2011-08-05,2011-06-16,True,50 days
senate        Bill S2769B,2011-08-05,2011-06-15,False,51 days
senate        Bill S2776,2011-09-12,2011-06-22,True,82 days
senate        Bill S2778,2011-05-20,2011-05-09,False,11 days
senate        Bill S2779,2011-09-12,2011-06-13,False,91 days
senate        Bill S2781,2011-04-01,2011-03-16,False,16 days
senate        Bill S2787,2011-05-27,2011-05-23,False,4 days
senate        Bill S2800E,2011-03-30,2011-03-29,False,1 days
senate        Bill S2801A,2011-03-30,2011-03-30,False,0 days
senate        Bill S2802,2011-03-24,2011-03-16,False,8 days
senate        Bill S2803E,2011-03-30,2011-03-30,False,0 days
senate        Bill S2804D,2011-03-30,2011-03-30,False,0 days
senate        Bill S2807C,2011-03-30,2011-03-30,False,0 days
senate        Bill S2808D,2011-03-30,2011-03-30,False,0 days
senate        Bill S2809D,2011-03-30,2011-03-30,False,0 days
senate        Bill S2810C,2011-03-30,2011-03-29,False,1 days
senate        Bill S2811C,2011-03-30,2011-03-30,False,0 days
senate        Bill S2812C,2011-03-30,2011-03-29,False,1 days
senate        Bill S2835A,2011-08-05,2011-06-20,True,46 days
senate        Bill S2840A,2011-07-22,2011-06-13,False,39 days
senate        Bill S2874B,2012-07-06,2012-05-30,False,37 days
senate        Bill S2877A,2011-08-05,2011-06-16,False,50 days
senate        Bill S2899A,2012-07-20,2012-06-21,False,29 days
senate        Bill S2911A,2011-08-05,2011-06-16,False,50 days
senate        Bill S2912,2011-05-27,2011-05-23,False,4 days
senate        Bill S2914A,2011-07-22,2011-06-16,False,36 days
senate        Bill S2915,2011-07-08,2011-06-23,False,15 days
senate        Bill S2917A,2012-07-06,2012-06-18,False,18 days
senate        Bill S2923,2011-05-27,2011-05-23,False,4 days
senate        Bill S2926B,2012-08-27,2012-06-21,False,67 days
senate        Bill S2933,2012-07-20,2012-06-11,False,39 days
senate        Bill S2935B,2012-08-06,2012-06-21,False,46 days
senate        Bill S2952B,2011-07-22,2011-06-17,False,35 days
senate        Bill S2953A,2011-08-05,2011-06-21,False,45 days
senate        Bill S2982,2011-05-27,2011-05-23,False,4 days
senate        Bill S2983,2011-08-05,2011-06-20,False,46 days
senate        Bill S2984,2011-07-22,2011-06-06,False,46 days
senate        Bill S2985,2011-05-06,2011-05-02,False,4 days
senate        Bill S2987,2011-09-12,2011-06-06,False,98 days
senate        Bill S3034,2011-07-22,2011-06-20,False,32 days
senate        Bill S3036,2011-07-22,2011-06-16,False,36 days
senate        Bill S3037,2011-08-05,2011-06-13,False,53 days
senate        Bill S3060,2011-07-22,2011-06-16,False,36 days
senate        Bill S3080,2012-08-06,2012-06-20,False,47 days
senate        Bill S3081,2011-06-10,2011-06-06,False,4 days
senate        Bill S3101,2011-08-05,2011-06-16,False,50 days
senate        Bill S3102,2011-07-08,2011-06-06,False,32 days
senate        Bill S3110,2011-09-12,2011-06-01,False,103 days
senate        Bill S3111B,2011-09-12,2011-06-16,False,88 days
senate        Bill S3134B,2012-12-05,2012-06-21,False,167 days
senate        Bill S3136A,2012-07-06,2012-06-21,False,15 days
senate        Bill S3151,2011-07-08,2011-05-24,False,45 days
senate        Bill S3170,2012-07-20,2012-05-21,False,60 days
senate        Bill S3176,2011-06-03,2011-05-09,False,25 days
senate        Bill S3179,2011-07-22,2011-06-13,False,39 days
senate        Bill S3182,2011-07-22,2011-06-06,False,46 days
senate        Bill S3184A,2011-09-12,2011-06-23,True,81 days
senate        Bill S3200B,2012-05-21,2012-05-15,False,6 days
senate        Bill S3203B,2012-08-06,2012-06-21,False,46 days
senate        Bill S3216,2011-02-16,2011-02-14,False,2 days
senate        Bill S3237A,2011-07-22,2011-06-20,False,32 days
senate        Bill S3241,2011-05-06,2011-05-04,False,2 days
senate        Bill S3242,2011-07-22,2011-06-16,False,36 days
senate        Bill S3247A,2011-07-22,2011-06-16,False,36 days
senate        Bill S3250A,2011-08-05,2011-06-06,False,60 days
senate        Bill S3251,2011-09-12,2011-06-13,True,91 days
senate        Bill S3252B,2011-07-08,2011-06-14,False,24 days
senate        Bill S3255B,2011-12-22,2011-06-22,False,183 days
senate        Bill S3263A,2011-07-22,2011-06-15,False,37 days
senate        Bill S3279,2011-07-22,2011-06-20,False,32 days
senate        Bill S3293B,2011-07-22,2011-06-16,False,36 days
senate        Bill S3322B,2011-07-08,2011-06-17,False,21 days
senate        Bill S3330A,2012-07-20,2012-06-21,False,29 days
senate        Bill S3335,2011-09-12,2011-06-15,True,89 days
senate        Bill S3339,2011-07-08,2011-06-02,False,36 days
senate        Bill S3392,2011-05-06,2011-05-02,False,4 days
senate        Bill S3399,2011-06-10,2011-06-01,False,9 days
senate        Bill S3401,2011-09-12,2011-06-20,False,84 days
senate        Bill S3402,2011-09-12,2011-06-16,False,88 days
senate        Bill S3403,2011-09-12,2011-06-15,True,89 days
senate        Bill S3407A,2011-05-20,2011-05-09,False,11 days
senate        Bill S3412B,2011-08-05,2011-06-17,False,49 days
senate        Bill S3413A,2011-07-22,2011-06-16,False,36 days
senate        Bill S3418A,2011-07-08,2011-06-15,False,23 days
senate        Bill S3421,2011-07-22,2011-06-14,False,38 days
senate        Bill S3445B,2012-12-05,2012-06-21,True,167 days
senate        Bill S3451B,2011-07-08,2011-06-21,False,17 days
senate        Bill S3461C,2011-08-05,2011-06-16,False,50 days
senate        Bill S3467,2011-09-12,2011-06-16,True,88 days
senate        Bill S3469A,2011-08-05,2011-06-14,False,52 days
senate        Bill S3470,2011-07-08,2011-06-20,False,18 days
senate        Bill S3482A,2011-09-12,2011-06-16,True,88 days
senate        Bill S3488,2011-07-08,2011-06-16,False,22 days
senate        Bill S3489A,2011-08-05,2011-06-20,False,46 days
senate        Bill S3499A,2011-08-05,2011-06-15,False,51 days
senate        Bill S3500,2011-03-03,2011-03-03,False,0 days
senate        Bill S3503B,2011-08-05,2011-06-20,False,46 days
senate        Bill S3505,2011-07-22,2011-06-21,False,31 days
senate        Bill S3510B,2011-11-30,2011-06-20,False,163 days
senate        Bill S3536,2011-04-01,2011-03-22,False,10 days
senate        Bill S3550,2011-08-05,2011-06-21,False,45 days
senate        Bill S3552A,2012-07-06,2012-06-12,False,24 days
senate        Bill S3579,2011-09-12,2011-06-14,False,90 days
senate        Bill S3605,2011-08-05,2011-06-15,True,51 days
senate        Bill S3626,2011-09-12,2011-06-13,False,91 days
senate        Bill S3649A,2011-09-12,2011-06-23,False,81 days
senate        Bill S3667,2011-07-22,2011-06-17,False,35 days
senate        Bill S3716,2011-09-12,2011-06-17,True,87 days
senate        Bill S3720,2011-07-22,2011-06-16,False,36 days
senate        Bill S3721,2011-08-05,2011-06-16,False,50 days
senate        Bill S3736A,2011-08-05,2011-06-06,True,60 days
senate        Bill S3739A,2012-08-06,2012-06-20,False,47 days
senate        Bill S3745,2011-07-08,2011-05-02,False,67 days
senate        Bill S3755B,2011-08-24,2011-06-20,False,65 days
senate        Bill S3757,2011-07-22,2011-06-01,False,51 days
senate        Bill S3762,2011-07-22,2011-06-22,False,30 days
senate        Bill S3764A,2011-06-10,2011-06-01,False,9 days
senate        Bill S3769,2011-07-22,2011-06-14,False,38 days
senate        Bill S3770,2011-07-22,2011-06-20,False,32 days
senate        Bill S3771,2011-05-20,2011-05-10,False,10 days
senate        Bill S3776,2011-05-20,2011-05-10,False,10 days
senate        Bill S3777A,2011-06-10,2011-06-01,False,9 days
senate        Bill S3779,2012-05-21,2012-05-07,False,14 days
senate        Bill S3791,2011-09-12,2011-06-15,False,89 days
senate        Bill S3792,2011-07-22,2011-06-20,False,32 days
senate        Bill S3796,2011-05-23,2011-05-09,False,14 days
senate        Bill S3798,2011-08-16,2011-06-16,False,61 days
senate        Bill S3801A,2012-07-20,2012-06-20,False,30 days
senate        Bill S3807A,2011-07-22,2011-06-15,False,37 days
senate        Bill S3808B,2012-07-06,2012-06-20,False,16 days
senate        Bill S3809A,2012-08-06,2012-06-21,False,46 days
senate        Bill S3811,2011-08-05,2011-06-20,False,46 days
senate        Bill S3828,2011-07-22,2011-06-21,False,31 days
senate        Bill S3834A,2011-08-05,2011-06-17,False,49 days
senate        Bill S3844B,2012-07-20,2012-05-07,False,74 days
senate        Bill S3858B,2011-08-05,2011-06-20,False,46 days
senate        Bill S3859,2011-07-08,2011-06-13,False,25 days
senate        Bill S3860A,2011-05-27,2011-05-23,False,4 days
senate        Bill S3870,2011-04-01,2011-03-29,False,3 days
senate        Bill S3872C,2012-08-06,2012-06-21,False,46 days
senate        Bill S3888,2011-05-06,2011-05-03,False,3 days
senate        Bill S3896,2011-07-08,2011-06-22,False,16 days
senate        Bill S3901A,2011-09-12,2011-06-16,False,88 days
senate        Bill S3905,2012-08-06,2012-06-21,False,46 days
senate        Bill S3911A,2011-06-10,2011-06-01,False,9 days
senate        Bill S3914A,2011-07-08,2011-06-20,False,18 days
senate        Bill S3915,2011-05-27,2011-05-25,False,2 days
senate        Bill S3916,2011-05-20,2011-05-17,False,3 days
senate        Bill S3917,2011-05-27,2011-05-23,False,4 days
senate        Bill S3918,2011-05-27,2011-05-23,False,4 days
senate        Bill S3928,2011-03-23,2011-03-22,False,1 days
senate        Bill S3944,2011-09-12,2011-06-15,False,89 days
senate        Bill S3945A,2011-08-05,2011-06-17,False,49 days
senate        Bill S3946,2011-08-05,2011-06-13,False,53 days
senate        Bill S3947,2011-07-22,2011-06-14,False,38 days
senate        Bill S3949B,2011-07-08,2011-06-21,False,17 days
senate        Bill S3953B,2011-09-12,2011-06-14,False,90 days
senate        Bill S3959,2012-08-06,2012-06-19,False,48 days
senate        Bill S3965,2011-07-08,2011-06-16,False,22 days
senate        Bill S3986,2011-07-08,2011-06-14,False,24 days
senate        Bill S3987B,2011-07-08,2011-06-22,False,16 days
senate        Bill S3988B,2011-09-12,2011-06-22,False,82 days
senate        Bill S3994A,2011-07-08,2011-06-20,False,18 days
senate        Bill S3996,2011-07-22,2011-06-14,False,38 days
senate        Bill S3997,2011-07-22,2011-06-13,False,39 days
senate        Bill S4005A,2011-10-31,2011-06-17,False,136 days
senate        Bill S4012,2011-07-22,2011-06-06,False,46 days
senate        Bill S4013C,2011-08-05,2011-06-21,False,45 days
senate        Bill S4014A,2011-07-08,2011-06-20,False,18 days
senate        Bill S4020C,2012-07-03,2012-06-21,False,12 days
senate        Bill S4021,2011-07-08,2011-06-16,False,22 days
senate        Bill S4022,2011-07-08,2011-06-13,False,25 days
senate        Bill S4025A,2011-09-12,2011-06-16,True,88 days
senate        Bill S4030,2011-06-27,2011-06-13,False,14 days
senate        Bill S4031,2011-05-27,2011-05-17,False,10 days
senate        Bill S4032,2011-06-28,2011-06-16,False,12 days
senate        Bill S4033,2011-07-08,2011-06-15,False,23 days
senate        Bill S4035,2011-07-08,2011-06-23,False,15 days
senate        Bill S4038B,2011-10-04,2011-06-17,False,109 days
senate        Bill S4040A,2012-08-06,2012-05-31,False,67 days
senate        Bill S4045A,2011-07-22,2011-06-16,False,36 days
senate        Bill S4047,2011-07-22,2011-06-13,False,39 days
senate        Bill S4048A,2011-07-22,2011-06-21,False,31 days
senate        Bill S4049,2011-07-08,2011-06-13,False,25 days
senate        Bill S4050B,2011-09-12,2011-06-22,True,82 days
senate        Bill S4053A,2011-08-05,2011-06-17,False,49 days
senate        Bill S4054A,2011-05-20,2011-05-17,False,3 days
senate        Bill S4056,2011-07-22,2011-06-15,False,37 days
senate        Bill S4067A,2011-07-11,2011-06-24,True,17 days
senate        Bill S4071,2011-06-28,2011-06-14,False,14 days
senate        Bill S4072A,2011-07-08,2011-06-17,False,21 days
senate        Bill S4078,2011-08-05,2011-06-16,False,50 days
senate        Bill S4080,2011-05-20,2011-05-09,False,11 days
senate        Bill S4084,2011-09-12,2011-06-16,False,88 days
senate        Bill S4085A,2011-07-22,2011-06-21,False,31 days
senate        Bill S4089,2011-05-06,2011-05-02,False,4 days
senate        Bill S4091B,2011-10-04,2011-06-16,False,110 days
senate        Bill S4101A,2011-09-12,2011-06-17,False,87 days
senate        Bill S4104,2011-08-05,2011-06-20,True,46 days
senate        Bill S4112,2012-08-06,2012-06-20,True,47 days
senate        Bill S4120,2011-05-27,2011-05-23,False,4 days
senate        Bill S4131,2011-07-08,2011-06-13,False,25 days
senate        Bill S4143A,2011-07-22,2011-06-16,False,36 days
senate        Bill S4144,2011-05-27,2011-05-25,False,2 days
senate        Bill S4146,2011-09-12,2011-06-15,False,89 days
senate        Bill S4151,2011-07-08,2011-06-14,False,24 days
senate        Bill S4161,2011-09-12,2011-06-15,False,89 days
senate        Bill S4162,2011-06-10,2011-06-06,False,4 days
senate        Bill S4164,2011-08-05,2011-06-01,False,65 days
senate        Bill S4165A,2011-07-08,2011-06-16,False,22 days
senate        Bill S4184,2011-07-22,2011-06-22,False,30 days
senate        Bill S4186,2011-07-08,2011-06-17,False,21 days
senate        Bill S4187,2011-07-08,2011-06-16,False,22 days
senate        Bill S4188,2011-07-08,2011-06-20,False,18 days
senate        Bill S4196,2011-07-08,2011-06-13,False,25 days
senate        Bill S4200,2011-09-12,2011-06-20,False,84 days
senate        Bill S4201,2011-07-08,2011-06-17,False,21 days
senate        Bill S4206,2011-08-05,2011-06-17,False,49 days
senate        Bill S4209,2011-08-05,2011-06-22,True,44 days
senate        Bill S4211,2011-04-15,2011-04-12,False,3 days
senate        Bill S4216,2011-07-08,2011-06-13,False,25 days
senate        Bill S4222,2011-04-01,2011-03-30,False,2 days
senate        Bill S4226,2011-09-12,2011-06-14,False,90 days
senate        Bill S4231,2011-07-22,2011-06-13,False,39 days
senate        Bill S4232,2011-07-08,2011-06-16,False,22 days
senate        Bill S4233,2011-05-27,2011-05-23,False,4 days
senate        Bill S4235,2011-07-22,2011-06-16,False,36 days
senate        Bill S4242B,2011-09-12,2011-06-15,True,89 days
senate        Bill S4244C,2011-07-22,2011-06-20,False,32 days
senate        Bill S4245,2011-10-04,2011-06-15,False,111 days
senate        Bill S4248,2011-05-06,2011-05-02,False,4 days
senate        Bill S4253B,2011-09-12,2011-06-20,False,84 days
senate        Bill S4255,2012-09-21,2012-06-14,True,99 days
senate        Bill S4257C,2011-12-15,2011-06-24,False,174 days
senate        Bill S4264C,2011-07-22,2011-06-20,False,32 days
senate        Bill S4267B,2011-09-12,2011-06-20,False,84 days
senate        Bill S4268C,2012-08-06,2012-06-19,False,48 days
senate        Bill S4269A,2011-07-08,2011-06-23,False,15 days
senate        Bill S4287B,2012-07-20,2012-05-14,False,67 days
senate        Bill S4290A,2011-08-05,2011-06-15,False,51 days
senate        Bill S4293,2011-07-22,2011-06-22,False,30 days
senate        Bill S4294,2011-07-22,2011-06-13,False,39 days
senate        Bill S4300,2011-07-08,2011-06-20,False,18 days
senate        Bill S4302A,2011-07-22,2011-06-23,False,29 days
senate        Bill S4303C,2012-07-06,2012-06-12,False,24 days
senate        Bill S4308,2011-09-12,2011-06-17,False,87 days
senate        Bill S4313B,2012-08-06,2012-06-14,False,53 days
senate        Bill S4315,2011-07-22,2011-06-23,False,29 days
senate        Bill S4323,2011-07-22,2011-06-17,False,35 days
senate        Bill S4326A,2012-07-06,2012-06-14,False,22 days
senate        Bill S4333A,2011-07-22,2011-06-21,False,31 days
senate        Bill S4359A,2012-07-06,2012-06-20,False,16 days
senate        Bill S4360,2011-12-28,2011-06-17,True,194 days
senate        Bill S4363A,2011-09-12,2011-06-15,False,89 days
senate        Bill S4376B,2012-05-21,2012-05-14,False,7 days
senate        Bill S4377A,2011-07-22,2011-06-16,False,36 days
senate        Bill S4385A,2011-07-22,2011-06-16,False,36 days
senate        Bill S4404,2011-08-24,2011-06-23,False,62 days
senate        Bill S4415,2011-05-20,2011-05-17,False,3 days
senate        Bill S4426,2011-06-27,2011-06-01,False,26 days
senate        Bill S4444B,2011-09-12,2011-06-21,False,83 days
senate        Bill S4445,2011-07-22,2011-06-13,False,39 days
senate        Bill S4454B,2011-07-08,2011-06-20,False,18 days
senate        Bill S4456,2011-09-12,2011-06-06,False,98 days
senate        Bill S4467,2011-05-20,2011-05-11,False,9 days
senate        Bill S4469,2011-09-12,2011-06-16,False,88 days
senate        Bill S4473,2011-07-22,2011-06-13,False,39 days
senate        Bill S4481A,2011-07-08,2011-06-07,False,31 days
senate        Bill S4482,2011-08-05,2011-06-16,False,50 days
senate        Bill S4485,2011-05-20,2011-05-17,False,3 days
senate        Bill S4489,2011-09-12,2011-06-22,True,82 days
senate        Bill S4492,2011-08-05,2011-06-16,True,50 days
senate        Bill S4493,2011-05-11,2011-05-11,False,0 days
senate        Bill S4494,2012-07-20,2012-06-19,False,31 days
senate        Bill S4495,2011-07-22,2011-06-16,False,36 days
senate        Bill S4498,2011-07-08,2011-06-15,False,23 days
senate        Bill S4503,2011-07-08,2011-06-14,False,24 days
senate        Bill S4504,2011-06-02,2011-06-01,False,1 days
senate        Bill S4521A,2011-09-12,2011-06-16,False,88 days
senate        Bill S4522B,2012-07-20,2012-06-20,False,30 days
senate        Bill S4529D,2011-09-12,2011-06-22,True,82 days
senate        Bill S4530B,2011-07-22,2011-06-22,False,30 days
senate        Bill S4543,2011-07-22,2011-06-20,False,32 days
senate        Bill S4544,2011-08-05,2011-06-15,False,51 days
senate        Bill S4545A,2011-07-22,2011-06-20,False,32 days
senate        Bill S4546A,2011-07-08,2011-06-16,False,22 days
senate        Bill S4548,2011-08-05,2011-06-13,False,53 days
senate        Bill S4555A,2011-12-28,2011-06-16,False,195 days
senate        Bill S4559B,2011-09-12,2011-06-20,False,84 days
senate        Bill S4563A,2011-09-12,2011-06-17,True,87 days
senate        Bill S4564,2011-09-12,2011-06-16,True,88 days
senate        Bill S4566,2011-09-12,2011-06-01,False,103 days
senate        Bill S4568,2012-07-06,2012-06-19,False,17 days
senate        Bill S4571,2011-07-22,2011-06-13,False,39 days
senate        Bill S4572,2011-06-10,2011-06-01,False,9 days
senate        Bill S4573,2011-07-22,2011-06-13,False,39 days
senate        Bill S4574,2011-07-22,2011-06-13,False,39 days
senate        Bill S4575,2011-07-22,2011-06-23,False,29 days
senate        Bill S4577A,2011-09-12,2011-06-06,False,98 days
senate        Bill S4581,2011-08-05,2011-06-06,False,60 days
senate        Bill S4582B,2011-09-12,2011-06-15,False,89 days
senate        Bill S4583A,2011-07-08,2011-06-23,False,15 days
senate        Bill S4584,2011-07-22,2011-06-02,False,50 days
senate        Bill S4586A,2011-07-22,2011-06-16,False,36 days
senate        Bill S4591A,2011-07-22,2011-06-21,False,31 days
senate        Bill S4594,2011-07-22,2011-06-16,False,36 days
senate        Bill S4600B,2011-07-22,2011-06-20,False,32 days
senate        Bill S4601B,2011-07-22,2011-06-20,False,32 days
senate        Bill S4605A,2012-08-06,2012-06-21,False,46 days
senate        Bill S4607B,2011-07-22,2011-06-20,False,32 days
senate        Bill S4612A,2011-08-05,2011-06-15,False,51 days
senate        Bill S4621A,2011-09-12,2011-06-14,False,90 days
senate        Bill S4622A,2011-09-12,2011-06-13,False,91 days
senate        Bill S4627,2011-07-22,2011-06-23,False,29 days
senate        Bill S4632,2011-06-30,2011-06-17,False,13 days
senate        Bill S4633,2011-08-05,2011-06-21,False,45 days
senate        Bill S4638,2011-06-10,2011-06-06,False,4 days
senate        Bill S4640C,2012-09-21,2012-06-20,False,93 days
senate        Bill S4647A,2011-05-20,2011-05-11,False,9 days
senate        Bill S4650,2011-07-22,2011-06-16,False,36 days
senate        Bill S4655,2011-12-21,2011-06-17,True,187 days
senate        Bill S4657,2011-06-27,2011-06-15,False,12 days
senate        Bill S4659,2011-07-22,2011-06-06,False,46 days
senate        Bill S4660,2012-09-21,2012-06-12,True,101 days
senate        Bill S4666,2011-05-20,2011-05-10,False,10 days
senate        Bill S4677,2011-07-22,2011-06-20,False,32 days
senate        Bill S4710,2011-07-22,2011-06-20,False,32 days
senate        Bill S4711,2011-08-05,2011-06-16,False,50 days
senate        Bill S4718A,2011-07-08,2011-06-16,False,22 days
senate        Bill S4720,2011-09-12,2011-06-17,False,87 days
senate        Bill S4723B,2011-09-12,2011-06-20,True,84 days
senate        Bill S4732,2011-08-31,2011-06-16,False,76 days
senate        Bill S4738A,2011-09-12,2011-06-20,False,84 days
senate        Bill S4748,2011-07-08,2011-06-07,False,31 days
senate        Bill S4750,2011-09-12,2011-06-01,False,103 days
senate        Bill S4753A,2011-12-28,2011-06-24,False,187 days
senate        Bill S4763,2011-07-08,2011-06-17,False,21 days
senate        Bill S4766,2011-07-22,2011-06-20,False,32 days
senate        Bill S4770,2011-08-05,2011-06-20,False,46 days
senate        Bill S4771,2011-07-22,2011-06-20,False,32 days
senate        Bill S4772,2011-08-05,2011-06-15,False,51 days
senate        Bill S4775A,2012-08-06,2012-06-14,True,53 days
senate        Bill S4778,2011-05-27,2011-05-23,False,4 days
senate        Bill S4780,2011-07-08,2011-06-14,False,24 days
senate        Bill S4784,2011-07-22,2011-06-16,False,36 days
senate        Bill S4791,2011-07-22,2011-06-13,False,39 days
senate        Bill S4792,2011-07-22,2011-06-20,False,32 days
senate        Bill S4803,2011-07-22,2011-06-06,True,46 days
senate        Bill S4807,2011-09-12,2011-06-01,False,103 days
senate        Bill S4813,2011-12-22,2011-06-23,False,182 days
senate        Bill S4816,2011-09-12,2011-06-15,False,89 days
senate        Bill S4820,2011-09-12,2011-06-14,False,90 days
senate        Bill S4830A,2011-09-12,2011-06-13,False,91 days
senate        Bill S4838A,2011-07-22,2011-06-13,True,39 days
senate        Bill S4844A,2011-09-12,2011-06-22,False,82 days
senate        Bill S4845,2011-07-22,2011-06-16,False,36 days
senate        Bill S4846,2011-07-22,2011-06-16,False,36 days
senate        Bill S4849,2011-09-12,2011-06-13,False,91 days
senate        Bill S4851A,2011-10-04,2011-06-16,False,110 days
senate        Bill S4855A,2012-08-27,2012-06-20,False,68 days
senate        Bill S4861A,2011-07-22,2011-06-20,False,32 days
senate        Bill S4864,2011-07-22,2011-06-21,True,31 days
senate        Bill S4867,2011-07-22,2011-06-16,False,36 days
senate        Bill S4871,2011-07-22,2011-06-21,False,31 days
senate        Bill S4872,2011-07-22,2011-06-21,False,31 days
senate        Bill S4874,2011-07-22,2011-06-16,False,36 days
senate        Bill S4875B,2011-08-05,2011-06-07,False,59 days
senate        Bill S4876,2011-08-05,2011-06-21,False,45 days
senate        Bill S4886B,2011-07-22,2011-06-23,False,29 days
senate        Bill S4894A,2011-07-08,2011-06-17,False,21 days
senate        Bill S4895,2011-09-12,2011-06-22,False,82 days
senate        Bill S4898,2011-06-30,2011-06-21,False,9 days
senate        Bill S4899,2011-08-05,2011-06-20,False,46 days
senate        Bill S4900,2011-07-22,2011-06-16,False,36 days
senate        Bill S4901,2011-07-22,2011-06-14,False,38 days
senate        Bill S4912,2012-08-06,2012-06-21,False,46 days
senate        Bill S4918A,2011-09-12,2011-06-20,True,84 days
senate        Bill S4923,2011-07-22,2011-06-13,False,39 days
senate        Bill S4928,2011-07-08,2011-06-16,False,22 days
senate        Bill S4935B,2011-09-12,2011-06-22,True,82 days
senate        Bill S4938A,2011-07-22,2011-06-20,False,32 days
senate        Bill S4940B,2011-09-12,2011-06-13,False,91 days
senate        Bill S4941C,2011-07-22,2011-06-20,False,32 days
senate        Bill S4945,2011-07-08,2011-06-22,False,16 days
senate        Bill S4946A,2011-09-12,2011-06-16,False,88 days
senate        Bill S4953,2011-07-08,2011-06-13,False,25 days
senate        Bill S4964,2011-08-05,2011-06-06,False,60 days
senate        Bill S4965,2011-07-22,2011-06-06,False,46 days
senate        Bill S4966,2011-08-05,2011-06-06,False,60 days
senate        Bill S4967,2011-08-05,2011-06-06,False,60 days
senate        Bill S4968,2011-07-22,2011-06-06,False,46 days
senate        Bill S4969,2011-07-22,2011-06-06,False,46 days
senate        Bill S4970,2011-07-22,2011-06-06,False,46 days
senate        Bill S4971,2011-07-22,2011-06-06,False,46 days
senate        Bill S4972,2011-08-05,2011-06-06,False,60 days
senate        Bill S4973,2011-06-10,2011-06-06,False,4 days
senate        Bill S4974,2011-08-05,2011-06-06,False,60 days
senate        Bill S4975,2011-08-05,2011-06-06,False,60 days
senate        Bill S4976,2011-06-10,2011-06-06,False,4 days
senate        Bill S4977,2011-08-05,2011-06-06,False,60 days
senate        Bill S4978,2011-06-10,2011-06-06,False,4 days
senate        Bill S4979,2011-08-05,2011-06-06,False,60 days
senate        Bill S4980,2011-07-22,2011-06-06,False,46 days
senate        Bill S4981,2011-07-22,2011-06-06,False,46 days
senate        Bill S4982,2011-08-05,2011-06-06,False,60 days
senate        Bill S4983,2011-08-05,2011-06-06,False,60 days
senate        Bill S4984,2011-07-22,2011-06-06,False,46 days
senate        Bill S4987,2011-09-12,2011-06-17,True,87 days
senate        Bill S4988B,2012-08-27,2012-06-20,False,68 days
senate        Bill S4991B,2011-09-12,2011-06-21,True,83 days
senate        Bill S4992A,2011-07-08,2011-06-17,False,21 days
senate        Bill S4999,2011-07-08,2011-06-16,False,22 days
senate        Bill S5002,2011-07-08,2011-06-14,False,24 days
senate        Bill S5004,2011-08-05,2011-06-17,False,49 days
senate        Bill S5014A,2012-09-21,2012-06-21,True,92 days
senate        Bill S5025,2011-07-22,2011-06-14,False,38 days
senate        Bill S5026,2011-08-05,2011-06-16,False,50 days
senate        Bill S5040A,2012-07-06,2012-06-14,False,22 days
senate        Bill S5054A,2012-12-05,2012-06-21,True,167 days
senate        Bill S5055A,2011-07-08,2011-06-07,False,31 days
senate        Bill S5059,2011-07-22,2011-06-20,False,32 days
senate        Bill S5060B,2012-07-03,2012-06-21,False,12 days
senate        Bill S5072,2011-07-22,2011-06-21,False,31 days
senate        Bill S5075,2011-08-05,2011-06-20,False,46 days
senate        Bill S5082A,2011-07-08,2011-06-15,False,23 days
senate        Bill S5086A,2011-07-22,2011-06-06,False,46 days
senate        Bill S5087,2011-08-05,2011-06-06,False,60 days
senate        Bill S5098,2011-09-12,2011-06-21,True,83 days
senate        Bill S5105,2011-07-08,2011-06-15,False,23 days
senate        Bill S5106,2011-07-08,2011-06-15,False,23 days
senate        Bill S5109,2011-09-12,2011-06-20,False,84 days
senate        Bill S5117,2011-05-27,2011-05-25,False,2 days
senate        Bill S5125,2011-07-22,2011-06-21,False,31 days
senate        Bill S5132D,2012-12-05,2012-06-19,False,169 days
senate        Bill S5133,2011-07-22,2011-06-16,False,36 days
senate        Bill S5134,2011-07-22,2011-06-06,False,46 days
senate        Bill S5135,2012-07-06,2012-06-12,False,24 days
senate        Bill S5137,2011-08-05,2011-06-21,False,45 days
senate        Bill S5138A,2011-08-05,2011-06-13,False,53 days
senate        Bill S5140B,2011-08-05,2011-06-16,False,50 days
senate        Bill S5145,2012-09-21,2012-06-14,False,99 days
senate        Bill S5155D,2012-09-21,2012-06-20,True,93 days
senate        Bill S5157,2011-08-05,2011-06-14,False,52 days
senate        Bill S5158,2011-07-22,2011-06-20,False,32 days
senate        Bill S5163A,2011-07-22,2011-06-06,False,46 days
senate        Bill S5168A,2011-07-22,2011-06-23,False,29 days
senate        Bill S5192,2011-07-22,2011-06-06,False,46 days
senate        Bill S5193,2011-08-05,2011-06-06,False,60 days
senate        Bill S5194,2011-08-05,2011-06-06,False,60 days
senate        Bill S5195,2011-08-05,2011-06-06,False,60 days
senate        Bill S5196,2011-08-05,2011-06-07,False,59 days
senate        Bill S5198D,2012-08-06,2012-06-18,False,49 days
senate        Bill S5200,2011-07-22,2011-06-20,False,32 days
senate        Bill S5203A,2011-09-12,2011-06-20,False,84 days
senate        Bill S5208C,2012-07-06,2012-06-21,False,15 days
senate        Bill S5211,2011-07-22,2011-06-15,False,37 days
senate        Bill S5216C,2011-07-22,2011-06-22,False,30 days
senate        Bill S5223B,2011-07-08,2011-06-20,False,18 days
senate        Bill S5225,2011-07-22,2011-06-06,False,46 days
senate        Bill S5227B,2012-08-06,2012-06-19,False,48 days
senate        Bill S5234A,2011-07-22,2011-06-14,False,38 days
senate        Bill S5235A,2012-09-21,2012-06-21,True,92 days
senate        Bill S5240B,2012-07-06,2012-06-12,False,24 days
senate        Bill S5244,2011-07-22,2011-06-20,False,32 days
senate        Bill S5253B,2011-09-12,2011-06-21,False,83 days
senate        Bill S5259A,2011-07-08,2011-06-20,False,18 days
senate        Bill S5261A,2011-08-05,2011-06-13,False,53 days
senate        Bill S5293,2011-09-12,2011-06-16,False,88 days
senate        Bill S5308,2011-07-22,2011-06-16,False,36 days
senate        Bill S5309,2011-08-05,2011-06-17,True,49 days
senate        Bill S5317,2011-09-12,2011-06-23,True,81 days
senate        Bill S5320,2011-07-22,2011-06-16,False,36 days
senate        Bill S5325,2011-08-05,2011-06-15,True,51 days
senate        Bill S5326,2011-09-12,2011-06-21,False,83 days
senate        Bill S5331,2011-07-08,2011-06-15,False,23 days
senate        Bill S5332A,2011-08-05,2011-06-06,False,60 days
senate        Bill S5336A,2012-08-06,2012-06-21,True,46 days
senate        Bill S5339,2011-06-29,2011-06-13,False,16 days
senate        Bill S5342,2011-08-05,2011-06-14,False,52 days
senate        Bill S5343,2012-07-20,2012-06-14,False,36 days
senate        Bill S5349,2011-10-04,2011-06-15,False,111 days
senate        Bill S5352,2011-07-08,2011-06-15,False,23 days
senate        Bill S5353,2011-05-18,2011-05-18,False,0 days
senate        Bill S5355,2011-09-12,2011-06-20,True,84 days
senate        Bill S5356D,2012-09-21,2012-06-21,True,92 days
senate        Bill S5362,2011-08-05,2011-06-21,False,45 days
senate        Bill S5366,2011-07-22,2011-06-14,False,38 days
senate        Bill S5368,2011-07-22,2011-06-15,False,37 days
senate        Bill S5372,2011-07-22,2011-06-14,False,38 days
senate        Bill S5375,2011-07-22,2011-06-02,False,50 days
senate        Bill S5376,2011-08-05,2011-06-13,False,53 days
senate        Bill S5380B,2011-07-08,2011-06-20,False,18 days
senate        Bill S5385,2011-07-08,2011-06-14,False,24 days
senate        Bill S5395,2011-09-12,2011-06-20,False,84 days
senate        Bill S5396,2011-09-12,2011-06-23,False,81 days
senate        Bill S5404A,2012-12-28,2012-06-20,False,191 days
senate        Bill S5405,2011-06-29,2011-06-06,False,23 days
senate        Bill S5411A,2011-08-15,2011-06-20,False,56 days
senate        Bill S5413,2011-08-05,2011-06-23,False,43 days
senate        Bill S5415A,2011-09-12,2011-06-16,False,88 days
senate        Bill S5420C,2012-07-06,2012-06-20,False,16 days
senate        Bill S5423B,2012-09-21,2012-06-20,True,93 days
senate        Bill S5431A,2011-09-12,2011-06-20,True,84 days
senate        Bill S5432,2011-09-12,2011-06-14,False,90 days
senate        Bill S5434,2011-08-05,2011-06-16,False,50 days
senate        Bill S5437,2011-09-12,2011-06-14,False,90 days
senate        Bill S5442,2011-07-08,2011-06-15,False,23 days
senate        Bill S5443A,2011-09-12,2011-06-20,False,84 days
senate        Bill S5444,2011-09-12,2011-06-21,True,83 days
senate        Bill S5447,2011-08-05,2011-06-20,False,46 days
senate        Bill S5449,2011-07-08,2011-06-16,False,22 days
senate        Bill S5452B,2011-09-12,2011-06-23,False,81 days
senate        Bill S5455B,2011-07-08,2011-06-22,False,16 days
senate        Bill S5459,2011-09-12,2011-06-23,False,81 days
senate        Bill S5460A,2011-07-08,2011-06-20,False,18 days
senate        Bill S5461,2012-08-06,2012-06-21,False,46 days
senate        Bill S5464,2011-07-08,2011-06-14,False,24 days
senate        Bill S5470,2011-08-05,2011-06-15,False,51 days
senate        Bill S5471,2011-08-05,2011-06-15,False,51 days
senate        Bill S5474,2011-07-22,2011-06-21,False,31 days
senate        Bill S5475,2011-07-22,2011-06-16,False,36 days
senate        Bill S5477A,2011-09-12,2011-06-16,False,88 days
senate        Bill S5478,2011-08-05,2011-06-15,False,51 days
senate        Bill S5479,2011-07-22,2011-06-17,False,35 days
senate        Bill S5481A,2011-09-12,2011-06-17,False,87 days
senate        Bill S5482,2011-07-08,2011-06-21,True,17 days
senate        Bill S5483,2011-07-08,2011-06-15,False,23 days
senate        Bill S5485,2011-07-08,2011-06-16,False,22 days
senate        Bill S5486,2011-06-30,2011-06-16,False,14 days
senate        Bill S5492,2011-07-22,2011-06-22,False,30 days
senate        Bill S5496,2012-07-06,2012-06-11,False,25 days
senate        Bill S5501,2011-07-08,2011-06-17,False,21 days
senate        Bill S5504C,2012-08-06,2012-06-11,False,56 days
senate        Bill S5507,2011-07-08,2011-06-16,False,22 days
senate        Bill S5508B,2012-07-20,2012-06-19,False,31 days
senate        Bill S5510A,2012-07-20,2012-06-21,False,29 days
senate        Bill S5511B,2011-07-08,2011-06-20,False,18 days
senate        Bill S5512,2011-09-12,2011-06-15,False,89 days
senate        Bill S5513,2012-07-20,2012-06-20,False,30 days
senate        Bill S5519,2011-09-12,2011-06-16,False,88 days
senate        Bill S5524,2011-09-12,2011-06-16,False,88 days
senate        Bill S5525C,2012-07-20,2012-06-21,False,29 days
senate        Bill S5527,2011-07-08,2011-06-16,False,22 days
senate        Bill S5529A,2011-07-08,2011-06-17,True,21 days
senate        Bill S5531,2011-06-30,2011-06-15,False,15 days
senate        Bill S5532A,2011-07-08,2011-06-17,False,21 days
senate        Bill S5533,2012-07-20,2012-03-01,True,141 days
senate        Bill S5534,2011-07-22,2011-06-14,False,38 days
senate        Bill S5537,2011-07-08,2011-06-15,False,23 days
senate        Bill S5540,2011-08-05,2011-06-21,False,45 days
senate        Bill S5542,2011-07-08,2011-06-14,False,24 days
senate        Bill S5545C,2011-08-05,2011-06-21,False,45 days
senate        Bill S5547,2011-07-22,2011-06-20,False,32 days
senate        Bill S5551,2011-07-22,2011-06-20,False,32 days
senate        Bill S5552,2011-08-05,2011-06-21,False,45 days
senate        Bill S5553,2011-07-22,2011-06-20,False,32 days
senate        Bill S5554,2011-08-05,2011-06-17,False,49 days
senate        Bill S5555,2011-08-05,2011-06-20,False,46 days
senate        Bill S5556,2011-09-12,2011-06-23,False,81 days
senate        Bill S5557B,2012-07-06,2012-06-19,False,17 days
senate        Bill S5558,2011-09-12,2011-06-21,False,83 days
senate        Bill S5561,2011-07-08,2011-06-14,False,24 days
senate        Bill S5562,2011-07-08,2011-06-20,False,18 days
senate        Bill S5563,2012-08-06,2012-06-20,False,47 days
senate        Bill S5564,2011-07-08,2011-06-16,False,22 days
senate        Bill S5569,2011-07-22,2011-06-15,False,37 days
senate        Bill S5570,2011-08-05,2011-06-20,True,46 days
senate        Bill S5571,2011-07-22,2011-06-22,False,30 days
senate        Bill S5576B,2012-09-21,2012-06-21,False,92 days
senate        Bill S5582,2011-08-05,2011-06-14,False,52 days
senate        Bill S5587C,2011-11-30,2011-06-21,True,162 days
senate        Bill S5588,2011-07-22,2011-06-21,False,31 days
senate        Bill S5591,2011-08-05,2011-06-17,True,49 days
senate        Bill S5593,2011-07-08,2011-06-15,False,23 days
senate        Bill S5601,2011-08-05,2011-06-16,False,50 days
senate        Bill S5605,2011-09-12,2011-06-16,False,88 days
senate        Bill S5608,2011-07-08,2011-06-20,False,18 days
senate        Bill S5610,2011-07-22,2011-06-22,False,30 days
senate        Bill S5612,2012-07-20,2012-06-21,False,29 days
senate        Bill S5623,2011-07-08,2011-06-20,False,18 days
senate        Bill S5628,2011-08-05,2011-06-17,False,49 days
senate        Bill S5633B,2011-12-22,2011-06-21,True,184 days
senate        Bill S5634F,2012-08-06,2012-06-21,False,46 days
senate        Bill S5635B,2011-09-12,2011-06-23,False,81 days
senate        Bill S5637,2011-09-12,2011-06-23,False,81 days
senate        Bill S5638,2011-07-08,2011-06-15,False,23 days
senate        Bill S5640,2011-07-22,2011-06-16,False,36 days
senate        Bill S5643,2011-07-08,2011-06-14,False,24 days
senate        Bill S5644,2011-07-22,2011-06-17,False,35 days
senate        Bill S5645,2011-09-12,2011-06-20,False,84 days
senate        Bill S5649,2011-07-08,2011-06-22,False,16 days
senate        Bill S5650D,2012-08-06,2012-06-21,False,46 days
senate        Bill S5651,2011-07-22,2011-06-14,False,38 days
senate        Bill S5653,2011-09-12,2011-06-22,False,82 days
senate        Bill S5655,2011-08-05,2011-06-21,False,45 days
senate        Bill S5656,2011-09-12,2011-06-20,False,84 days
senate        Bill S5657,2011-09-12,2011-06-17,False,87 days
senate        Bill S5658,2011-07-22,2011-06-24,False,28 days
senate        Bill S5663,2011-09-12,2011-06-17,False,87 days
senate        Bill S5665,2011-06-21,2011-06-16,False,5 days
senate        Bill S5666,2011-09-12,2011-06-23,True,81 days
senate        Bill S5667,2011-08-05,2011-06-17,False,49 days
senate        Bill S5668,2011-09-12,2011-06-22,False,82 days
senate        Bill S5671A,2012-12-05,2012-06-11,True,177 days
senate        Bill S5672A,2011-09-12,2011-06-20,False,84 days
senate        Bill S5673,2012-05-21,2012-04-30,False,21 days
senate        Bill S5677,2011-07-22,2011-06-20,False,32 days
senate        Bill S5678,2011-07-08,2011-06-20,False,18 days
senate        Bill S5679,2011-08-15,2011-06-13,False,63 days
senate        Bill S5683,2011-08-05,2011-06-20,False,46 days
senate        Bill S5687,2011-07-22,2011-06-20,False,32 days
senate        Bill S5688,2011-07-22,2011-06-20,False,32 days
senate        Bill S5691B,2012-07-20,2012-06-21,False,29 days
senate        Bill S5694A,2011-12-28,2011-06-20,False,191 days
senate        Bill S5701,2011-09-12,2011-06-22,True,82 days
senate        Bill S5702A,2012-07-06,2012-06-13,False,23 days
senate        Bill S5704,2011-07-08,2011-06-17,False,21 days
senate        Bill S5705,2011-07-22,2011-06-20,False,32 days
senate        Bill S5706A,2011-07-08,2011-06-17,False,21 days
senate        Bill S5707,2012-08-06,2012-06-21,True,46 days
senate        Bill S5713,2011-07-08,2011-06-17,False,21 days
senate        Bill S5717,2011-09-12,2011-06-23,False,81 days
senate        Bill S5719A,2011-09-12,2011-06-24,False,80 days
senate        Bill S5734A,2011-11-30,2011-06-21,True,162 days
senate        Bill S5737,2011-07-22,2011-06-21,False,31 days
senate        Bill S5739A,2011-07-22,2011-06-20,False,32 days
senate        Bill S5742,2011-08-05,2011-06-23,False,43 days
senate        Bill S5743A,2011-12-22,2011-06-21,True,184 days
senate        Bill S5745,2011-12-28,2011-06-21,False,190 days
senate        Bill S5746,2011-07-22,2011-06-20,False,32 days
senate        Bill S5747,2011-08-05,2011-06-22,True,44 days
senate        Bill S5748,2011-08-05,2011-06-21,True,45 days
senate        Bill S5751,2011-07-22,2011-06-20,False,32 days
senate        Bill S5753,2011-07-08,2011-06-17,False,21 days
senate        Bill S5755,2011-09-12,2011-06-20,False,84 days
senate        Bill S5756,2011-07-08,2011-06-22,True,16 days
senate        Bill S5757,2011-08-05,2011-06-22,False,44 days
senate        Bill S5760,2011-07-08,2011-06-17,False,21 days
senate        Bill S5765A,2012-08-06,2012-06-19,False,48 days
senate        Bill S5770,2011-07-08,2011-06-20,False,18 days
senate        Bill S5771A,2012-08-06,2012-06-21,True,46 days
senate        Bill S5775,2011-09-12,2011-06-20,False,84 days
senate        Bill S5776,2011-07-08,2011-06-21,False,17 days
senate        Bill S5778,2011-07-11,2011-06-22,False,19 days
senate        Bill S5782,2011-06-21,2011-06-20,False,1 days
senate        Bill S5784,2011-08-05,2011-06-20,False,46 days
senate        Bill S5792,2011-09-12,2011-06-22,False,82 days
senate        Bill S5793,2011-09-12,2011-06-20,False,84 days
senate        Bill S5795,2011-09-12,2011-06-20,False,84 days
senate        Bill S5796,2011-12-28,2011-06-22,False,189 days
senate        Bill S5799,2011-11-30,2011-06-21,False,162 days
senate        Bill S5800,2011-07-08,2011-06-22,False,16 days
senate        Bill S5801,2011-08-05,2011-06-23,False,43 days
senate        Bill S5803,2011-07-22,2011-06-20,False,32 days
senate        Bill S5804,2011-08-05,2011-06-23,True,43 days
senate        Bill S5806,2011-08-05,2011-06-21,False,45 days
senate        Bill S5811,2011-08-05,2011-06-22,False,44 days
senate        Bill S5818,2012-07-20,2012-06-04,False,46 days
senate        Bill S5825,2011-12-09,2011-06-24,False,168 days
senate        Bill S5828,2011-09-12,2011-06-22,True,82 days
senate        Bill S5833,2011-07-22,2011-06-24,False,28 days
senate        Bill S5836,2011-07-08,2011-06-22,False,16 days
senate        Bill S5837,2011-09-12,2011-06-23,False,81 days
senate        Bill S5840,2011-06-21,2011-06-21,False,0 days
senate        Bill S5844,2011-08-04,2011-06-22,False,43 days
senate        Bill S5845,2011-10-31,2011-06-23,False,130 days
senate        Bill S5846,2011-08-05,2011-06-23,False,43 days
senate        Bill S5847,2011-06-22,2011-06-22,False,0 days
senate        Bill S5850A,2012-07-20,2012-06-12,False,38 days
senate        Bill S5851,2011-07-08,2011-06-24,False,14 days
senate        Bill S5855,2011-08-01,2011-06-24,False,38 days
senate        Bill S5902B,2012-07-12,2012-06-21,False,21 days
senate        Bill S5903,2012-07-12,2012-06-21,False,21 days
senate        Bill S5917A,2012-01-11,2012-01-09,False,2 days
senate        Bill S6027B,2012-05-21,2012-03-29,False,53 days
senate        Bill S6039,2012-07-06,2012-06-19,False,17 days
senate        Bill S6054A,2012-02-07,2012-02-06,False,1 days
senate        Bill S6055,2012-02-07,2012-02-06,False,1 days
senate        Bill S6058B,2012-07-06,2012-06-06,False,30 days
senate        Bill S6061A,2012-07-03,2012-06-11,False,22 days
senate        Bill S6064,2012-04-16,2012-03-05,False,42 days
senate        Bill S6068,2012-09-21,2012-06-06,False,107 days
senate        Bill S6069B,2012-07-20,2012-06-19,False,31 days
senate        Bill S6078B,2012-07-06,2012-06-14,False,22 days
senate        Bill S6084B,2012-05-21,2012-05-07,False,14 days
senate        Bill S6107A,2012-01-31,2012-01-30,False,1 days
senate        Bill S6113A,2012-08-06,2012-06-14,False,53 days
senate        Bill S6114A,2012-07-06,2012-06-04,False,32 days
senate        Bill S6116A,2012-01-25,2012-01-18,False,7 days
senate        Bill S6117,2012-01-25,2012-01-18,False,7 days
senate        Bill S6118A,2012-02-07,2012-02-06,False,1 days
senate        Bill S6121,2012-02-07,2012-02-06,False,1 days
senate        Bill S6124,2012-01-25,2012-01-18,False,7 days
senate        Bill S6126,2012-02-07,2012-02-06,False,1 days
senate        Bill S6127,2012-08-06,2012-05-30,False,68 days
senate        Bill S6128,2012-01-31,2012-01-30,False,1 days
senate        Bill S6131,2012-01-25,2012-01-18,False,7 days
senate        Bill S6134,2012-12-05,2012-06-19,True,169 days
senate        Bill S6136,2012-01-31,2012-01-30,False,1 days
senate        Bill S6153,2012-05-07,2012-03-19,False,49 days
senate        Bill S6162A,2012-07-06,2012-06-14,False,22 days
senate        Bill S6171A,2012-12-05,2012-06-20,True,168 days
senate        Bill S6176,2012-07-20,2012-06-19,False,31 days
senate        Bill S6177,2012-07-20,2012-06-19,False,31 days
senate        Bill S6185,2012-07-06,2012-06-11,False,25 days
senate        Bill S6186,2012-07-06,2012-06-19,False,17 days
senate        Bill S6192,2012-06-22,2012-05-30,False,23 days
senate        Bill S6193,2012-07-06,2012-06-04,False,32 days
senate        Bill S6195,2012-07-06,2012-06-06,False,30 days
senate        Bill S6202,2012-12-05,2012-06-18,False,170 days
senate        Bill S6203A,2012-07-06,2012-06-12,False,24 days
senate        Bill S6219,2012-05-07,2012-03-14,False,54 days
senate        Bill S6222,2012-05-07,2012-04-25,False,12 days
senate        Bill S6224A,2012-08-06,2012-06-21,False,46 days
senate        Bill S6228B,2012-09-21,2012-06-21,False,92 days
senate        Bill S6231A,2012-07-03,2012-06-14,False,19 days
senate        Bill S6233A,2012-07-06,2012-06-04,False,32 days
senate        Bill S6237,2012-07-06,2012-05-31,False,36 days
senate        Bill S6240,2012-07-06,2012-06-11,False,25 days
senate        Bill S6249B,2012-12-05,2012-06-21,False,167 days
senate        Bill S6250D,2012-03-30,2012-03-30,False,0 days
senate        Bill S6251B,2012-03-30,2012-03-29,False,1 days
senate        Bill S6252,2012-03-30,2012-03-20,False,10 days
senate        Bill S6253E,2012-03-30,2012-03-30,False,0 days
senate        Bill S6254D,2012-03-30,2012-03-30,False,0 days
senate        Bill S6255D,2012-03-30,2012-03-28,False,2 days
senate        Bill S6256D,2012-03-30,2012-03-30,False,0 days
senate        Bill S6257E,2012-03-30,2012-03-30,False,0 days
senate        Bill S6258D,2012-03-30,2012-03-28,False,2 days
senate        Bill S6259D,2012-03-30,2012-03-30,False,0 days
senate        Bill S6260C,2012-03-30,2012-03-28,False,2 days
senate        Bill S6268D,2012-08-06,2012-06-21,False,46 days
senate        Bill S6280A,2012-02-06,2012-01-31,False,6 days
senate        Bill S6284,2012-07-06,2012-06-19,False,17 days
senate        Bill S6285A,2012-08-06,2012-06-18,True,49 days
senate        Bill S6287,2012-05-07,2012-03-28,False,40 days
senate        Bill S6296A,2012-09-21,2012-06-20,False,93 days
senate        Bill S6297B,2012-07-06,2012-06-20,False,16 days
senate        Bill S6298A,2012-07-06,2012-06-11,False,25 days
senate        Bill S6301,2012-07-06,2012-06-04,False,32 days
senate        Bill S6305B,2012-07-20,2012-06-19,True,31 days
senate        Bill S6307A,2012-05-21,2012-04-30,False,21 days
senate        Bill S6308A,2012-09-21,2012-05-30,False,114 days
senate        Bill S6313,2012-07-06,2012-06-19,False,17 days
senate        Bill S6314,2012-07-06,2012-06-12,False,24 days
senate        Bill S6319,2012-12-05,2012-06-20,True,168 days
senate        Bill S6320,2012-12-05,2012-06-21,True,167 days
senate        Bill S6328,2012-07-20,2012-06-20,True,30 days
senate        Bill S6332,2012-09-21,2012-05-30,False,114 days
senate        Bill S6341B,2012-08-27,2012-06-18,False,70 days
senate        Bill S6354,2012-07-06,2012-05-16,False,51 days
senate        Bill S6363,2012-07-06,2012-06-19,False,17 days
senate        Bill S6366A,2012-08-06,2012-06-13,False,54 days
senate        Bill S6371A,2012-07-06,2012-06-12,False,24 days
senate        Bill S6373,2012-06-28,2012-06-13,False,15 days
senate        Bill S6374,2012-05-21,2012-05-15,False,6 days
senate        Bill S6376,2012-07-06,2012-06-11,False,25 days
senate        Bill S6377,2012-07-06,2012-05-30,False,37 days
senate        Bill S6378,2012-07-06,2012-06-14,False,22 days
senate        Bill S6379,2012-07-06,2012-06-14,False,22 days
senate        Bill S6382,2012-07-06,2012-06-21,False,15 days
senate        Bill S6383,2012-04-16,2012-03-29,False,18 days
senate        Bill S6394,2012-07-06,2012-06-21,False,15 days
senate        Bill S6395C,2012-07-20,2012-06-14,True,36 days
senate        Bill S6399,2012-07-06,2012-06-19,False,17 days
senate        Bill S6401A,2012-04-02,2012-03-19,False,14 days
senate        Bill S6415,2012-06-22,2012-05-07,False,46 days
senate        Bill S6422,2012-07-06,2012-06-14,False,22 days
senate        Bill S6424,2012-07-06,2012-06-13,False,23 days
senate        Bill S6426,2012-09-21,2012-06-18,False,95 days
senate        Bill S6428,2012-07-06,2012-06-21,False,15 days
senate        Bill S6429A,2012-07-20,2012-06-20,False,30 days
senate        Bill S6430,2012-04-02,2012-03-07,False,26 days
senate        Bill S6436,2012-09-21,2012-06-21,True,92 days
senate        Bill S6438A,2012-07-20,2012-06-19,False,31 days
senate        Bill S6447B,2012-09-21,2012-06-19,False,94 days
senate        Bill S6450A,2012-07-20,2012-05-14,False,67 days
senate        Bill S6451A,2012-07-20,2012-06-20,False,30 days
senate        Bill S6457A,2012-07-20,2012-06-05,False,45 days
senate        Bill S6460,2012-06-22,2012-06-06,False,16 days
senate        Bill S6462,2012-07-06,2012-05-09,False,58 days
senate        Bill S6463,2012-12-05,2012-06-19,True,169 days
senate        Bill S6466B,2012-07-06,2012-06-20,False,16 days
senate        Bill S6469,2012-12-05,2012-06-04,True,184 days
senate        Bill S6471,2012-04-16,2012-03-27,False,20 days
senate        Bill S6478,2012-08-06,2012-06-19,True,48 days
senate        Bill S6480,2012-08-06,2012-06-19,False,48 days
senate        Bill S6481A,2012-05-14,2012-05-02,False,12 days
senate        Bill S6483,2012-08-06,2012-06-14,False,53 days
senate        Bill S6490A,2012-09-21,2012-06-20,True,93 days
senate        Bill S6491,2012-08-06,2012-06-13,False,54 days
senate        Bill S6493B,2012-09-21,2012-06-20,True,93 days
senate        Bill S6500,2012-07-06,2012-04-25,False,72 days
senate        Bill S6501,2012-07-06,2012-06-19,False,17 days
senate        Bill S6507A,2012-07-06,2012-05-21,False,46 days
senate        Bill S6511A,2012-09-21,2012-06-21,True,92 days
senate        Bill S6513,2012-07-06,2012-06-14,False,22 days
senate        Bill S6517,2012-06-22,2012-06-04,False,18 days
senate        Bill S6522B,2012-08-06,2012-06-20,False,47 days
senate        Bill S6526A,2012-09-21,2012-06-20,False,93 days
senate        Bill S6531,2012-07-06,2012-06-19,False,17 days
senate        Bill S6536,2012-07-06,2012-05-07,False,60 days
senate        Bill S6537A,2012-07-03,2012-06-18,False,15 days
senate        Bill S6544,2012-09-21,2012-06-06,True,107 days
senate        Bill S6547A,2012-08-06,2012-06-19,False,48 days
senate        Bill S6548A,2012-09-21,2012-06-21,False,92 days
senate        Bill S6550B,2012-07-06,2012-06-20,False,16 days
senate        Bill S6553,2012-05-21,2012-05-07,False,14 days
senate        Bill S6554,2012-05-21,2012-05-07,False,14 days
senate        Bill S6566,2012-07-06,2012-06-21,False,15 days
senate        Bill S6576,2012-08-27,2012-06-20,True,68 days
senate        Bill S6578B,2012-07-06,2012-06-20,False,16 days
senate        Bill S6584,2012-09-21,2012-06-04,False,109 days
senate        Bill S6585A,2012-07-20,2012-06-21,False,29 days
senate        Bill S6588,2012-06-22,2012-05-22,False,31 days
senate        Bill S6591A,2012-07-20,2012-06-19,False,31 days
senate        Bill S6602,2012-07-06,2012-06-19,False,17 days
senate        Bill S6606,2012-06-22,2012-06-11,False,11 days
senate        Bill S6608A,2012-08-06,2012-06-18,False,49 days
senate        Bill S6610,2012-03-06,2012-03-05,False,1 days
senate        Bill S6611,2012-07-06,2012-06-14,False,22 days
senate        Bill S6615,2012-07-20,2012-06-20,False,30 days
senate        Bill S6623,2012-06-22,2012-06-11,False,11 days
senate        Bill S6624,2012-07-06,2012-05-31,False,36 days
senate        Bill S6634A,2012-07-20,2012-06-14,False,36 days
senate        Bill S6638,2012-05-07,2012-04-25,False,12 days
senate        Bill S6639,2012-05-21,2012-05-07,False,14 days
senate        Bill S6640,2012-09-21,2012-06-04,False,109 days
senate        Bill S6641,2012-07-20,2012-06-12,False,38 days
senate        Bill S6642A,2012-07-20,2012-05-30,False,51 days
senate        Bill S6644,2012-06-22,2012-06-18,False,4 days
senate        Bill S6647,2012-05-07,2012-04-30,False,7 days
senate        Bill S6653A,2012-07-06,2012-05-16,False,51 days
senate        Bill S6657,2012-07-06,2012-06-05,False,31 days
senate        Bill S6659,2012-05-21,2012-05-16,False,5 days
senate        Bill S6663,2012-09-21,2012-06-04,True,109 days
senate        Bill S6670,2012-07-20,2012-05-07,False,74 days
senate        Bill S6690A,2012-07-06,2012-06-19,False,17 days
senate        Bill S6696,2012-03-15,2012-03-14,False,1 days
senate        Bill S6700,2012-07-06,2012-06-14,False,22 days
senate        Bill S6705,2012-07-06,2012-06-06,False,30 days
senate        Bill S6710A,2012-07-06,2012-06-19,False,17 days
senate        Bill S6715,2012-07-06,2012-06-19,False,17 days
senate        Bill S6719A,2012-07-20,2012-06-20,False,30 days
senate        Bill S6720,2012-07-06,2012-06-19,False,17 days
senate        Bill S6727B,2012-09-21,2012-06-18,False,95 days
senate        Bill S6732,2012-03-15,2012-03-14,False,1 days
senate        Bill S6733,2012-03-15,2012-03-14,False,1 days
senate        Bill S6735,2012-03-15,2012-03-14,False,1 days
senate        Bill S6736,2012-03-15,2012-03-14,False,1 days
senate        Bill S6738A,2012-07-06,2012-06-21,False,15 days
senate        Bill S6740B,2012-07-20,2012-06-14,False,36 days
senate        Bill S6751A,2012-12-05,2012-06-19,False,169 days
senate        Bill S6755,2012-03-21,2012-03-18,False,3 days
senate        Bill S6762A,2012-12-05,2012-06-19,False,169 days
senate        Bill S6763,2012-07-06,2012-06-04,False,32 days
senate        Bill S6768,2012-09-21,2012-06-14,True,99 days
senate        Bill S6769B,2012-07-20,2012-06-19,False,31 days
senate        Bill S6770,2012-07-20,2012-06-20,False,30 days
senate        Bill S6771,2012-07-06,2012-06-19,False,17 days
senate        Bill S6774A,2012-07-06,2012-06-13,False,23 days
senate        Bill S6776,2012-07-06,2012-05-30,False,37 days
senate        Bill S6777B,2012-07-06,2012-06-21,False,15 days
senate        Bill S6778,2012-07-06,2012-06-20,False,16 days
senate        Bill S6780,2012-07-06,2012-06-21,False,15 days
senate        Bill S6781,2012-07-06,2012-06-21,False,15 days
senate        Bill S6782B,2012-08-06,2012-06-20,False,47 days
senate        Bill S6785,2012-07-20,2012-05-22,False,59 days
senate        Bill S6788A,2012-07-06,2012-06-19,False,17 days
senate        Bill S6794A,2012-07-06,2012-05-08,False,59 days
senate        Bill S6799,2012-09-21,2012-06-20,False,93 days
senate        Bill S6800,2012-07-20,2012-06-06,False,44 days
senate        Bill S6801A,2012-07-06,2012-06-18,False,18 days
senate        Bill S6802,2012-07-20,2012-05-14,False,67 days
senate        Bill S6806,2012-09-21,2012-06-05,True,108 days
senate        Bill S6810B,2012-08-06,2012-06-21,False,46 days
senate        Bill S6811A,2012-06-22,2012-06-21,False,1 days
senate        Bill S6812A,2012-07-20,2012-06-04,False,46 days
senate        Bill S6814,2012-06-22,2012-06-20,False,2 days
senate        Bill S6821,2012-07-06,2012-06-04,False,32 days
senate        Bill S6826A,2012-07-20,2012-06-19,False,31 days
senate        Bill S6830,2012-03-30,2012-03-29,False,1 days
senate        Bill S6834A,2012-07-20,2012-06-18,False,32 days
senate        Bill S6841,2012-05-07,2012-05-02,False,5 days
senate        Bill S6843A,2012-07-20,2012-05-30,False,51 days
senate        Bill S6846,2012-05-21,2012-05-08,False,13 days
senate        Bill S6847,2012-07-06,2012-06-20,False,16 days
senate        Bill S6848,2012-07-06,2012-06-14,False,22 days
senate        Bill S6854B,2012-08-27,2012-06-18,False,70 days
senate        Bill S6858,2012-07-20,2012-05-21,False,60 days
senate        Bill S6864A,2012-07-20,2012-06-14,False,36 days
senate        Bill S6867,2012-06-22,2012-05-30,False,23 days
senate        Bill S6868,2012-12-05,2012-06-21,True,167 days
senate        Bill S6870,2012-05-31,2012-05-30,False,1 days
senate        Bill S6871,2012-08-06,2012-06-19,False,48 days
senate        Bill S6873,2012-07-06,2012-06-19,False,17 days
senate        Bill S6897,2012-07-20,2012-06-19,False,31 days
senate        Bill S6898,2012-07-06,2012-06-21,False,15 days
senate        Bill S6899,2012-08-06,2012-06-14,False,53 days
senate        Bill S6900,2012-07-20,2012-06-21,False,29 days
senate        Bill S6901,2012-06-25,2012-06-14,False,11 days
senate        Bill S6905,2012-07-20,2012-06-21,False,29 days
senate        Bill S6913,2012-07-06,2012-06-14,False,22 days
senate        Bill S6914B,2012-07-06,2012-06-18,False,18 days
senate        Bill S6921C,2012-08-06,2012-06-19,False,48 days
senate        Bill S6923A,2012-08-06,2012-06-20,False,47 days
senate        Bill S6929,2012-07-06,2012-06-06,False,30 days
senate        Bill S6932,2012-08-06,2012-06-20,False,47 days
senate        Bill S6943A,2012-12-05,2012-06-21,False,167 days
senate        Bill S6944,2012-06-28,2012-06-20,False,8 days
senate        Bill S6948,2012-08-06,2012-06-21,False,46 days
senate        Bill S6950,2012-07-06,2012-06-12,False,24 days
senate        Bill S6960,2012-05-07,2012-04-25,False,12 days
senate        Bill S6962,2012-07-20,2012-06-20,False,30 days
senate        Bill S6967A,2012-07-03,2012-06-20,False,13 days
senate        Bill S6970,2012-08-06,2012-05-30,False,68 days
senate        Bill S6972,2012-07-06,2012-05-31,False,36 days
senate        Bill S6977,2012-07-20,2012-05-31,False,50 days
senate        Bill S6978,2012-07-06,2012-06-20,False,16 days
senate        Bill S6980,2012-07-20,2012-06-21,False,29 days
senate        Bill S6983,2012-07-20,2012-06-21,False,29 days
senate        Bill S6986,2012-08-06,2012-06-14,False,53 days
senate        Bill S6988A,2012-07-20,2012-06-14,False,36 days
senate        Bill S6996,2012-12-05,2012-06-20,True,168 days
senate        Bill S6997A,2012-07-06,2012-06-14,False,22 days
senate        Bill S6999B,2012-07-06,2012-06-21,False,15 days
senate        Bill S7000A,2012-07-06,2012-06-14,False,22 days
senate        Bill S7001A,2012-08-06,2012-06-21,False,46 days
senate        Bill S7002,2012-09-21,2012-06-20,False,93 days
senate        Bill S7007A,2012-07-06,2012-06-14,False,22 days
senate        Bill S7008A,2012-07-06,2012-06-14,False,22 days
senate        Bill S7013C,2012-09-21,2012-06-20,False,93 days
senate        Bill S7014,2012-08-06,2012-06-20,False,47 days
senate        Bill S7015,2012-07-06,2012-06-21,False,15 days
senate        Bill S7019,2012-07-17,2012-06-18,False,29 days
senate        Bill S7021A,2012-07-20,2012-06-21,False,29 days
senate        Bill S7027,2012-06-22,2012-06-19,False,3 days
senate        Bill S7031A,2012-09-21,2012-06-19,False,94 days
senate        Bill S7032A,2012-07-03,2012-06-20,False,13 days
senate        Bill S7035,2012-07-06,2012-05-22,False,45 days
senate        Bill S7037,2012-07-20,2012-06-13,False,37 days
senate        Bill S7047B,2012-07-06,2012-06-19,False,17 days
senate        Bill S7048B,2012-07-06,2012-06-19,False,17 days
senate        Bill S7049,2012-08-27,2012-06-19,False,69 days
senate        Bill S7050,2012-08-06,2012-06-18,False,49 days
senate        Bill S7059A,2012-07-20,2012-06-12,False,38 days
senate        Bill S7062,2012-07-06,2012-06-06,False,30 days
senate        Bill S7071B,2012-07-20,2012-06-21,False,29 days
senate        Bill S7074A,2012-08-06,2012-06-21,False,46 days
senate        Bill S7078B,2012-07-20,2012-06-19,False,31 days
senate        Bill S7083,2012-07-20,2012-06-05,True,45 days
senate        Bill S7092,2012-09-21,2012-06-19,False,94 days
senate        Bill S7103A,2012-09-21,2012-06-20,False,93 days
senate        Bill S7106,2012-07-06,2012-05-23,False,44 days
senate        Bill S7120A,2012-08-06,2012-06-21,False,46 days
senate        Bill S7123,2012-07-06,2012-06-12,False,24 days
senate        Bill S7125,2012-07-20,2012-06-21,False,29 days
senate        Bill S7131,2012-06-22,2012-06-20,False,2 days
senate        Bill S7146,2012-07-06,2012-06-21,False,15 days
senate        Bill S7175,2012-07-20,2012-06-21,False,29 days
senate        Bill S7187B,2012-07-20,2012-06-14,False,36 days
senate        Bill S7189,2012-08-06,2012-06-20,False,47 days
senate        Bill S7190A,2012-07-20,2012-06-18,False,32 days
senate        Bill S7191,2012-08-06,2012-06-21,False,46 days
senate        Bill S7207,2012-07-06,2012-06-18,False,18 days
senate        Bill S7209,2012-09-21,2012-06-21,True,92 days
senate        Bill S7213,2012-07-06,2012-05-23,False,44 days
senate        Bill S7214,2012-07-06,2012-06-14,False,22 days
senate        Bill S7216,2012-07-20,2012-06-21,False,29 days
senate        Bill S7218A,2012-07-06,2012-06-18,False,18 days
senate        Bill S7220A,2012-07-06,2012-06-19,False,17 days
senate        Bill S7239,2012-09-21,2012-06-19,True,94 days
senate        Bill S7241,2012-12-05,2012-06-12,True,176 days
senate        Bill S7244A,2012-07-20,2012-06-18,False,32 days
senate        Bill S7246,2012-07-20,2012-06-20,False,30 days
senate        Bill S7251B,2012-07-20,2012-06-20,False,30 days
senate        Bill S7252,2012-07-20,2012-06-20,False,30 days
senate        Bill S7255C,2012-07-20,2012-06-20,False,30 days
senate        Bill S7256A,2012-08-06,2012-06-21,False,46 days
senate        Bill S7268A,2012-07-06,2012-06-13,False,23 days
senate        Bill S7275,2012-08-06,2012-06-18,False,49 days
senate        Bill S7277A,2012-08-06,2012-06-06,False,61 days
senate        Bill S7278A,2012-07-20,2012-06-19,False,31 days
senate        Bill S7291,2012-06-26,2012-06-19,False,7 days
senate        Bill S7306B,2012-08-06,2012-06-20,False,47 days
senate        Bill S7307,2012-08-06,2012-06-20,False,47 days
senate        Bill S7312B,2012-12-05,2012-06-21,False,167 days
senate        Bill S7314A,2012-07-06,2012-06-20,False,16 days
senate        Bill S7320A,2012-07-06,2012-06-18,False,18 days
senate        Bill S7322A,2012-07-06,2012-06-19,False,17 days
senate        Bill S7323A,2012-07-20,2012-06-20,False,30 days
senate        Bill S7327,2012-07-20,2012-06-21,False,29 days
senate        Bill S7340,2012-09-21,2012-06-19,False,94 days
senate        Bill S7343,2012-07-20,2012-06-20,True,30 days
senate        Bill S7378A,2012-09-21,2012-06-11,False,102 days
senate        Bill S7384A,2012-09-21,2012-06-20,False,93 days
senate        Bill S7389,2012-06-06,2012-06-06,False,0 days
senate        Bill S7396,2012-07-20,2012-06-18,False,32 days
senate        Bill S7405,2012-07-20,2012-06-18,False,32 days
senate        Bill S7408,2012-06-22,2012-06-14,False,8 days
senate        Bill S7416,2012-07-06,2012-06-21,False,15 days
senate        Bill S7418,2012-05-21,2012-05-15,False,6 days
senate        Bill S7424,2012-08-06,2012-06-20,False,47 days
senate        Bill S7427A,2012-07-06,2012-06-20,False,16 days
senate        Bill S7435,2012-07-06,2012-06-21,False,15 days
senate        Bill S7436,2012-07-20,2012-06-12,False,38 days
senate        Bill S7442A,2012-07-06,2012-06-18,False,18 days
senate        Bill S7443,2012-08-06,2012-06-21,True,46 days
senate        Bill S7446,2012-07-20,2012-06-13,False,37 days
senate        Bill S7453,2012-07-06,2012-06-13,False,23 days
senate        Bill S7454,2012-07-06,2012-06-20,False,16 days
senate        Bill S7456B,2012-07-20,2012-06-21,False,29 days
senate        Bill S7458,2012-07-06,2012-06-12,False,24 days
senate        Bill S7462,2012-08-06,2012-06-19,False,48 days
senate        Bill S7467,2012-09-21,2012-06-20,False,93 days
senate        Bill S7469,2012-07-06,2012-06-20,False,16 days
senate        Bill S7471,2012-08-06,2012-06-21,True,46 days
senate        Bill S7475A,2012-12-05,2012-06-21,False,167 days
senate        Bill S7476,2012-07-20,2012-06-12,True,38 days
senate        Bill S7477,2012-07-06,2012-06-21,False,15 days
senate        Bill S7484A,2012-08-06,2012-06-21,False,46 days
senate        Bill S7485A,2012-12-05,2012-06-18,False,170 days
senate        Bill S7488,2012-07-06,2012-06-21,False,15 days
senate        Bill S7490,2012-06-22,2012-05-31,False,22 days
senate        Bill S7493A,2012-08-06,2012-06-19,False,48 days
senate        Bill S7498,2012-07-20,2012-06-21,False,29 days
senate        Bill S7500,2012-07-06,2012-06-21,False,15 days
senate        Bill S7501,2012-06-22,2012-06-18,False,4 days
senate        Bill S7502,2012-07-06,2012-06-21,False,15 days
senate        Bill S7505,2012-07-20,2012-06-18,False,32 days
senate        Bill S7506,2012-08-27,2012-06-21,False,67 days
senate        Bill S7509,2012-07-20,2012-06-19,False,31 days
senate        Bill S7510,2012-07-20,2012-06-19,False,31 days
senate        Bill S7513,2012-07-06,2012-06-19,False,17 days
senate        Bill S7514A,2012-09-21,2012-06-18,False,95 days
senate        Bill S7517,2012-07-20,2012-06-20,False,30 days
senate        Bill S7519A,2012-07-06,2012-06-20,False,16 days
senate        Bill S7520,2012-07-20,2012-06-18,False,32 days
senate        Bill S7522A,2012-07-20,2012-06-21,False,29 days
senate        Bill S7524,2012-07-06,2012-06-20,False,16 days
senate        Bill S7525,2012-12-05,2012-06-21,True,167 days
senate        Bill S7526,2012-07-06,2012-06-21,False,15 days
senate        Bill S7531,2012-07-20,2012-06-21,False,29 days
senate        Bill S7532,2012-07-20,2012-06-21,False,29 days
senate        Bill S7537A,2012-07-20,2012-06-19,False,31 days
senate        Bill S7538,2012-07-20,2012-06-18,False,32 days
senate        Bill S7548,2012-08-06,2012-06-20,False,47 days
senate        Bill S7552,2012-07-06,2012-06-21,False,15 days
senate        Bill S7553,2012-07-20,2012-06-21,False,29 days
senate        Bill S7555,2012-07-06,2012-06-14,False,22 days
senate        Bill S7559,2012-07-06,2012-06-21,False,15 days
senate        Bill S7567A,2012-08-06,2012-06-13,False,54 days
senate        Bill S7569,2012-07-20,2012-06-19,False,31 days
senate        Bill S7579,2012-09-21,2012-06-21,False,92 days
senate        Bill S7587B,2012-09-21,2012-06-21,False,92 days
senate        Bill S7589A,2012-09-21,2012-06-19,False,94 days
senate        Bill S7592A,2012-07-06,2012-06-21,False,15 days
senate        Bill S7593,2012-07-20,2012-06-19,False,31 days
senate        Bill S7594,2012-08-06,2012-06-14,False,53 days
senate        Bill S7595A,2012-08-06,2012-06-21,False,46 days
senate        Bill S7596,2012-07-06,2012-06-14,False,22 days
senate        Bill S7600,2012-07-20,2012-06-19,False,31 days
senate        Bill S7601,2012-07-06,2012-06-19,False,17 days
senate        Bill S7602,2012-08-06,2012-06-19,False,48 days
senate        Bill S7605,2012-08-06,2012-06-14,False,53 days
senate        Bill S7607,2012-07-06,2012-06-19,False,17 days
senate        Bill S7608,2012-06-22,2012-06-19,False,3 days
senate        Bill S7611A,2012-08-06,2012-06-21,False,46 days
senate        Bill S7613,2012-07-06,2012-06-19,False,17 days
senate        Bill S7614,2012-07-06,2012-06-18,False,18 days
senate        Bill S7617,2012-07-06,2012-06-20,False,16 days
senate        Bill S7621,2012-07-20,2012-06-19,False,31 days
senate        Bill S7631B,2012-07-03,2012-06-21,False,12 days
senate        Bill S7637,2012-08-27,2012-06-11,False,77 days
senate        Bill S7638,2012-10-15,2012-06-12,False,125 days
senate        Bill S7640A,2012-06-22,2012-06-20,False,2 days
senate        Bill S7641B,2012-12-05,2012-06-21,False,167 days
senate        Bill S7645,2012-06-22,2012-06-18,False,4 days
senate        Bill S7647,2012-08-06,2012-06-21,False,46 days
senate        Bill S7651,2012-07-20,2012-06-21,False,29 days
senate        Bill S7652,2012-09-21,2012-06-18,False,95 days
senate        Bill S7672,2012-07-06,2012-06-21,False,15 days
senate        Bill S7674,2012-07-03,2012-06-21,False,12 days
senate        Bill S7677,2012-07-20,2012-06-21,False,29 days
senate        Bill S7682,2012-08-06,2012-06-21,False,46 days
senate        Bill S7690,2012-07-20,2012-06-19,False,31 days
senate        Bill S7695,2012-07-06,2012-06-20,False,16 days
senate        Bill S7704,2012-07-20,2012-06-21,False,29 days
senate        Bill S7705A,2012-12-05,2012-06-21,True,167 days
senate        Bill S7706A,2012-07-06,2012-06-21,False,15 days
senate        Bill S7707,2012-07-06,2012-06-21,False,15 days
senate        Bill S7711,2012-08-06,2012-06-21,False,46 days
senate        Bill S7713,2012-07-06,2012-06-21,False,15 days
senate        Bill S7718A,2012-07-06,2012-06-21,False,15 days
senate        Bill S7720,2012-08-06,2012-06-19,False,48 days
senate        Bill S7721,2012-12-05,2012-06-21,True,167 days
senate        Bill S7722A,2012-07-20,2012-06-21,True,29 days
senate        Bill S7727,2012-07-17,2012-06-20,False,27 days
senate        Bill S7728,2012-07-17,2012-06-19,False,28 days
senate        Bill S7731,2012-08-06,2012-06-21,False,46 days
senate        Bill S7739,2012-07-03,2012-06-21,False,12 days
senate        Bill S7740,2012-07-09,2012-06-18,False,21 days
senate        Bill S7742,2012-08-27,2012-06-19,False,69 days
senate        Bill S7744,2012-09-27,2012-06-20,False,99 days
senate        Bill S7747,2012-07-06,2012-06-20,False,16 days
senate        Bill S7749,2012-12-05,2012-06-20,False,168 days
senate        Bill S7751,2012-07-20,2012-06-21,False,29 days
senate        Bill S7752,2012-07-06,2012-06-21,False,15 days
senate        Bill S7753,2012-07-20,2012-06-21,False,29 days
senate        Bill S7756,2012-08-06,2012-06-20,False,47 days
senate        Bill S7757,2012-08-06,2012-06-21,False,46 days
senate        Bill S7766,2012-07-20,2012-06-20,False,30 days
senate        Bill S7775,2012-07-20,2012-06-21,False,29 days
senate        Bill S7782,2012-08-06,2012-06-21,True,46 days
senate        Bill S7787,2012-12-05,2012-06-21,True,167 days
senate        Bill S7788,2012-09-21,2012-06-21,False,92 days
senate        Bill S7790,2012-08-27,2012-06-21,False,67 days
senate        Bill S7792,2012-06-22,2012-06-21,False,1 days
senate        Bill S7800,2012-08-06,2012-06-21,False,46 days
senate        Bill S7812,2012-09-21,2012-06-21,True,92 days
